18020916, apzuzu6_EXT,-68,3,4
18020916, UPC72E5C4E_EXT,-87,4,6
18020916, apzuzu6_EXT3,-60,4,4
18020916, UPC9197578,-93,4,11
18020916, apzuzu6,-73,3,4
18020916, RCProductions-EXT pour Ariane,-83,4,13
18020916, mhj-86336,-93,3,1
18020916, RCProductions-EXT,-83,4,13
18020916, apzuzu6_EXT2,-45,3,4
18020916, RCProductions-EXT pour Yasmine,-84,4,13
18020916, UPC Wi-Free,-82,5,6
18020916, UPCF2C6A3A,-84,4,11
18020916, UPC Wi-Free,-84,5,11
18020916, UPC578B7A3,-80,4,6
18020922, apzuzu6_EXT,-68,3,4
18020922, apzuzu6_EXT3,-52,4,4
18020922, UPC Wi-Free,-90,5,6
18020922, apzuzu6,-72,3,4
18020922, RCProductions-EXT pour Ariane,-88,4,13
18020922, mhj-86336,-92,3,1
18020922, apzuzu6_EXT2,-47,3,4
18020922, RCProductions-EXT,-85,4,13
18020922, RCProductions-EXT pour Yasmine,-85,4,13
18020922, UPCF2C6A3A,-88,4,11
18020922, dym-55538,-91,3,6
18020922, UPC Wi-Free,-88,5,11
18020928, apzuzu6_EXT,-70,3,4
18020928, apzuzu6_EXT2,-49,3,4
18020928, RCProductions-EXT pour Yasmine,-91,4,13
18020928, apzuzu6_EXT3,-60,4,4
18020928, apzuzu6,-68,3,4
18020928, RCProductions-EXT pour Ariane,-88,4,13
18020928, RCProductions-EXT,-90,4,13
18020928, UPCF2C6A3A,-87,4,11
18020928, UPC Wi-Free,-87,5,11
18020934, apzuzu6_EXT,-61,3,4
18020934, UPC Wi-Free,-83,5,6
18020934, apzuzu6_EXT3,-62,4,4
18020934, apzuzu6,-71,3,4
18020934, RCProductions-EXT pour Ariane,-90,4,13
18020934, mhj-86336,-92,3,1
18020934, RCProductions-EXT,-89,4,13
18020934, apzuzu6_EXT2,-40,3,4
18020934, RCProductions-EXT pour Yasmine,-90,4,13
18020934, UPC Wi-Free,-91,5,11
18020934, UPC Wi-Free,-90,5,6
18020934, UPCF2C6A3A,-89,4,11
18020934, UPC578B7A3,-83,4,6
18020940, apzuzu6_EXT,-72,3,4
18020940, apzuzu6_EXT2,-47,3,4
18020940, UPC Wi-Free,-91,5,6
18020940, apzuzu6_EXT3,-54,4,4
18020940, UPC Wi-Free,-85,5,11
18020940, apzuzu6,-68,3,4
18020940, dym-55538,-90,3,6
18020946, dym-55538,-90,3,6
18020946, apzuzu6_EXT,-69,3,4
18020946, UPC Wi-Free,-91,5,6
18020946, apzuzu6_EXT3,-53,4,4
18020946, apzuzu6,-62,3,4
18020946, UPC Wi-Free,-83,5,6
18020946, apzuzu6_EXT2,-36,3,4
18020946, RCProductions-EXT pour Yasmine,-83,4,13
18020946, UPCA8BF168,-89,4,6
18020946, UPCF2C6A3A,-85,4,11
18020946, RCProductions-EXT,-84,4,13
18020946, UPC Wi-Free,-88,5,11
18020952, apzuzu6_EXT,-69,3,4
18020952, apzuzu6_EXT2,-31,3,4
18020952, UPC Wi-Free,-86,5,11
18020952, apzuzu6_EXT3,-53,4,4
18020952, apzuzu6,-72,3,4
18020952, RCProductions-EXT pour Ariane,-81,4,13
18020952, RCProductions-EXT,-82,4,13
18020952, UPCF2C6A3A,-87,4,11
18020952, UPC Wi-Free,-83,5,6
18020952, RCProductions-EXT pour Yasmine,-81,4,13
18020958, apzuzu6_EXT,-72,3,4
18020958, RCProductions-EXT,-81,4,13
18020958, apzuzu6_EXT3,-52,4,4
18020958, apzuzu6,-60,3,4
18020958, RCProductions-EXT pour Ariane,-83,4,13
18020958, UPC Wi-Free,-89,5,1
18020958, apzuzu6_EXT2,-33,3,4
18020958, UPCF2C6A3A,-84,4,11
18020958, RCProductions-EXT pour Yasmine,-82,4,13
18020958, UPC Wi-Free,-84,5,11
18020964, apzuzu6_EXT,-66,3,4
18020964, apzuzu6_EXT2,-54,3,4
18020964, RCProductions-EXT pour Yasmine,-92,4,13
18020964, apzuzu6_EXT3,-72,4,4
18020964, RCProductions-EXT,-91,4,13
18020964, apzuzu6,-71,3,4
18020964, RCProductions-EXT pour Ariane,-90,4,13
18020970, RCProductions-EXT pour Yasmine,-91,4,13
18020970, apzuzu6_EXT,-64,3,4
18020970, RCProductions-EXT,-90,4,13
18020970, apzuzu6_EXT3,-79,4,4
18020970, UPC Wi-Free,-92,5,6
18020970, apzuzu6,-71,3,4
18020970, RCProductions-EXT pour Ariane,-90,4,13
18020970, apzuzu6_EXT2,-61,3,4
18020970, UPC578B7A3,-91,4,6
18020976, apzuzu6_EXT,-58,3,4
18020976, UPC2203812,-91,4,1
18020976, apzuzu6_EXT3,-72,4,4
18020976, UPC Wi-Free,-89,5,6
18020976, apzuzu6,-69,3,4
18020976, RCProductions-EXT pour Ariane,-84,4,13
18020976, UPC Wi-Free,-92,5,1
18020976, RCProductions-EXT pour Yasmine,-83,4,13
18020976, apzuzu6_EXT2,-58,3,4
18020976, RCProductions-EXT,-84,4,13
18020976, tji-59218,-90,4,1
18020976, UPCF2C6A3A,-89,4,11
18020976, UPC Wi-Free,-87,5,11
18020976, UPC578B7A3,-87,4,6
18020982, apzuzu6_EXT,-85,3,4
18020982, apzuzu6_EXT2,-73,3,4
18020982, UPC Wi-Free,-83,5,6
18020982, apzuzu6_EXT3,-73,4,4
18020982, UPC9197578,-95,4,11
18020982, apzuzu6,-94,3,4
18020982, RCProductions-EXT,-86,4,13
18020982, UPC72E5C4E_EXT,-85,4,6
18020982, RCProductions-EXT pour Yasmine,-88,4,13
18020982, UPC Wi-Free,-88,5,11
18020982, UPC Wi-Free,-87,5,6
18020982, UPCF2C6A3A,-87,4,11
18020982, UPC578B7A3,-80,4,6
18020988, MonWifiEtPasLeTien ,-88,3,11
18020988, apzuzu6_EXT,-90,3,4
18020988, apzuzu6_EXT3,-83,4,4
18020988, UPC17E648D,-92,4,1
18020988, apzuzu6,-86,3,4
18020988, RCProductions-EXT pour Ariane,-90,4,13
18020988, UPC Wi-Free,-90,5,1
18020988, apzuzu6_EXT2,-76,3,4
18020988, RCProductions-EXT pour Yasmine,-88,4,13
18020988, dym-55538,-92,3,6
18020988, UPCF2C6A3A,-88,4,11
18020988, RCProductions-EXT,-89,4,13
18020989, UPC Wi-Free,-91,5,11
18020994, MonWifiEtPasLeTien ,-92,3,11
18020994, UPC Wi-Free,-91,5,6
18020994, apzuzu6_EXT2,-78,3,4
18020994, apzuzu6_EXT3,-75,4,4
18020995, UPC Wi-Free,-92,5,1
18020995, RCProductions-EXT,-88,4,13
18021000, MonWifiEtPasLeTien ,-90,3,11
18021000, apzuzu6_EXT2,-76,3,4
18021000, apzuzu6_EXT3,-75,4,4
18021000, RCProductions-EXT pour Ariane,-90,4,13
18021000, RCProductions-EXT,-90,4,13
18021000, UPC578B7A3,-90,4,6
18021006, HUAWEI-3D54,-92,3,3
18021006, apzuzu6_EXT,-87,3,4
18021006, UPC Wi-Free,-89,5,1
18021006, apzuzu6_EXT3,-81,4,4
18021006, apzuzu6,-91,3,4
18021006, RCProductions-EXT pour Ariane,-90,4,13
18021006, mhj-86336,-88,3,1
18021006, RCProductions-EXT,-89,4,13
18021006, apzuzu6_EXT2,-68,3,4
18021006, RCProductions-EXT pour Yasmine,-86,4,13
18021006, UPC46DF3EF,-93,4,1
18021006, MonWifiEtPasLeTien ,-88,3,11
18021006, UPC Wi-Free,-85,5,6
18021006, UPC578B7A3,-85,4,6
18021012, UPC Wi-Free,-93,5,1
18021012, apzuzu6_EXT,-89,3,4
18021012, RCProductions-EXT pour Ariane,-75,4,13
18021012, apzuzu6_EXT3,-93,4,4
18021012, RCProductions-EXT pour Yasmine,-73,4,13
18021012, UPC Wi-Free,-89,5,1
18021012, apzuzu6_EXT2,-76,3,4
18021012, UPC69AA7F9,-89,4,1
18021012, RCProductions-EXT,-72,4,13
18021018, MonWifiEtPasLeTien ,-91,3,11
18021018, apzuzu6_EXT,-81,3,4
18021018, apzuzu6_EXT3,-92,4,4
18021018, UPCE594E48,-91,4,6
18021018, UPC Wi-Free,-93,5,1
18021018, UPC6683612,-94,4,1
18021018, UPCBF2D62C,-91,4,11
18021018, apzuzu6_EXT2,-89,3,4
18021018, UPCF5B5FC5,-91,4,11
18021018, UPC46DF3EF,-90,4,1
18021018, UPC69AA7F9,-89,4,1
18021018, UPC9B15B32,-91,4,1
18021018, UPC Wi-Free,-93,5,1
18021024, HUAWEI-3D54,-85,3,3
18021024, apzuzu6_EXT,-76,3,4
18021024, UPC6683612,-93,4,1
18021024, RCProductions-EXT,-79,4,13
18021024, vcr-99345,-93,3,11
18021024, UPC5F9AF36,-88,4,6
18021024, RCProductions-EXT pour Yasmine,-78,4,13
18021024, UPC Wi-Free,-90,5,1
18021024, RCProductions-EXT pour Ariane,-79,4,13
18021024, xrd-82638,-91,3,11
18021024, apzuzu6_EXT2,-87,3,4
18021025, UPC Wi-Free,-90,5,1
18021025, UPC46DF3EF,-92,4,1
18021025, UPC69AA7F9,-87,4,1
18021025, MonWifiEtPasLeTien ,-84,3,11
18021025, UPC Wi-Free,-94,5,1
18021030, MonWifiEtPasLeTien ,-87,3,11
18021030, UPC Wi-Free,-92,5,1
18021030, UPC72E5C4E_EXT,-91,4,6
18021030, UPC6683612,-92,4,1
18021030, RCProductions-EXT,-75,4,13
18021030, UPCE86AC2E,-91,4,6
18021030, RCProductions-EXT pour Yasmine,-81,4,13
18021030, RCProductions-EXT pour Ariane,-78,4,13
18021030, apzuzu6_EXT,-74,3,4
18021030, xrd-82638,-95,3,11
18021031, apzuzu6_EXT2,-90,3,4
18021031, UPC Wi-Free,-91,5,6
18021031, UPC46DF3EF,-92,4,1
18021031, UPC-AP-9927572,-94,4,11
18021031, UPC9B15B32,-95,4,1
18021031, UPC Wi-Free,-92,5,1
18021036, HUAWEI-3D54,-94,3,3
18021036, UPC Wi-Free,-82,5,1
18021036, apzuzu6_EXT,-72,3,4
18021036, RCProductions-EXT pour Yasmine,-72,4,13
18021037, RCProductions-EXT pour Ariane,-76,4,13
18021037, RCProductions-EXT,-85,4,13
18021037, UPC6683612,-93,4,1
18021037, apzuzu6_EXT2,-91,3,4
18021037, xrd-82638,-90,3,11
18021037, UPC46DF3EF,-85,4,1
18021037, UPC69AA7F9,-90,4,1
18021037, MonWifiEtPasLeTien ,-79,3,11
18021037, UPC Wi-Free,-93,5,1
18021042, HUAWEI-3D54,-89,3,3
18021043, apzuzu6_EXT,-78,3,4
18021043, RCProductions-EXT pour Ariane,-75,4,13
18021043, RCProductions-EXT pour Yasmine,-66,4,13
18021043, UPC Wi-Free,-89,5,1
18021043, RCProductions-EXT,-70,4,13
18021043, UPC46DF3EF,-89,4,1
18021043, HUAWEI-8E93,-92,3,2
18021043, UPC Wi-Free,-91,5,1
18021048, MonWifiEtPasLeTien ,-86,3,11
18021048, apzuzu6_EXT,-81,3,4
18021048, UPC2203812,-90,4,1
18021048, UPC Wi-Free,-92,5,1
18021048, RCProductions-EXT pour Yasmine,-71,4,13
18021048, UPC Wi-Free,-89,5,1
18021048, UPC Wi-Free,-94,5,1
18021048, UPC29E3417,-91,4,6
18021049, RCProductions-EXT,-67,4,13
18021049, RCProductions-EXT pour Ariane,-71,4,13
18021049, UPC69AA7F9,-92,4,1
18021049, UPC9B15B32,-88,4,1
18021049, UPC Wi-Free,-92,5,1
18021055, MonWifiEtPasLeTien ,-88,3,11
18021055, apzuzu6_EXT,-82,3,4
18021055, RCProductions-EXT,-88,4,13
18021055, UPC2203812,-91,4,1
18021055, UPC46DF3EF,-95,4,1
18021055, UPC Wi-Free,-89,5,1
18021055, RCProductions-EXT pour Yasmine,-84,4,13
18021055, RCProductions-EXT pour Ariane,-83,4,13
18021060, MonWifiEtPasLeTien ,-90,3,11
18021060, apzuzu6_EXT,-59,3,4
18021060, UPC Wi-Free,-90,5,1
18021060, UPC2203812,-89,4,1
18021060, vcr-99345,-88,3,11
18021060, RCProductions-EXT pour Yasmine,-84,4,13
18021060, RCProductions-EXT pour Ariane,-87,4,13
18021060, UPC Wi-Free,-90,5,1
18021061, RCProductions-EXT,-90,4,13
18021066, HUAWEI-3D54,-92,3,3
18021066, apzuzu6_EXT,-61,3,4
18021066, UPC2203812,-89,4,1
18021066, vcr-99345,-88,3,11
18021066, apzuzu6,-80,3,4
18021066, UPC Wi-Free,-93,5,1
18021066, apzuzu6_EXT2,-88,3,4
18021067, GafferNetwork,-93,3,11
18021067, RCProductions-EXT,-83,4,13
18021067, HUAWEI-8E93,-87,3,2
18021067, RCProductions-EXT pour Yasmine,-86,4,13
18021072, apzuzu6_EXT,-66,3,4
18021072, UPC2203812,-88,4,1
18021072, dym-55538,-88,3,6
18021072, apzuzu6,-73,3,4
18021072, UPC Wi-Free,-92,5,1
18021072, UPC Wi-Free,-91,5,1
18021072, apzuzu6_EXT2,-76,3,4
18021073, RCProductions-EXT,-82,4,13
18021073, RCProductions-EXT pour Ariane,-89,4,13
18021073, RCProductions-EXT pour Yasmine,-78,4,13
18021073, HUAWEI-8E93,-88,3,2
18021073, UPC Wi-Free,-90,5,1
18021078, UPC Wi-Free,-93,5,1
18021078, apzuzu6_EXT,-87,3,4
18021078, apzuzu6_EXT3,-89,4,4
18021078, RCProductions-EXT,-84,4,13
18021078, apzuzu6,-79,3,4
18021078, RCProductions-EXT pour Ariane,-83,4,13
18021078, UPC Wi-Free,-94,5,1
18021078, apzuzu6_EXT2,-81,3,4
18021078, RCProductions-EXT pour Yasmine,-85,4,13
18021084, dym-55538,-89,3,6
18021084, apzuzu6_EXT,-79,3,4
18021084, vcr-99345,-90,3,11
18021084, apzuzu6_EXT3,-91,4,4
18021084, apzuzu6,-83,3,4
18021084, RCProductions-EXT pour Ariane,-90,4,13
18021085, RCProductions-EXT,-86,4,13
18021085, UPC17E648D,-89,4,1
18021085, RCProductions-EXT pour Yasmine,-90,4,13
18021090, apzuzu6_EXT,-88,3,4
18021090, UPC2203812,-87,4,1
18021090, vcr-99345,-90,3,11
18021090, UPCC75E4EE,-95,4,11
18021090, dym-55538,-92,3,6
18021090, RCProductions-EXT pour Ariane,-88,4,13
18021090, UPC Wi-Free,-88,5,1
18021090, RCProductions-EXT,-88,4,13
18021090, RCProductions-EXT pour Yasmine,-87,4,13
18021090, UPC Wi-Free,-90,5,11
18021096, UPC Wi-Free,-96,5,1
18021096, apzuzu6_EXT,-81,3,4
18021096, UPC2203812,-87,4,1
18021096, UPC Wi-Free,-90,5,6
18021096, vcy-48117-5Ghz,-89,3,8
18021096, UPC Wi-Free,-86,5,11
18021096, UPC Wi-Free,-89,5,1
18021096, UPC Wi-Free,-92,5,1
18021096, UPCF5B5FC5,-89,4,11
18021096, UPCA8BF168,-86,4,6
18021096, UPC69AA7F9,-89,4,1
18021097, vcr-99345,-82,3,11
18021097, Emil,-92,3,10
18021102, UPC Wi-Free,-93,5,1
18021102, apzuzu6_EXT,-90,3,4
18021102, UPC2203812,-89,4,1
18021102, vcy-48117-5Ghz,-89,3,8
18021102, UPCC75E4EE,-92,4,11
18021102, dym-55538,-88,3,6
18021102, RCProductions-EXT pour Ariane,-82,4,13
18021102, UPC Wi-Free,-89,5,1
18021103, RCProductions-EXT,-87,4,13
18021103, WiFiCus,-92,4,1
18021103, UPC Wi-Free,-95,5,1
18021103, UPCA8BF168,-89,4,6
18021103, RCProductions-EXT pour Yasmine,-81,4,13
18021103, UPC Wi-Free,-88,5,11
18021103, GafferNetwork,-95,3,11
18021108, zos-98127,-90,3,1
18021108, UPC Wi-Free,-71,5,6
18021108, UPC2203812,-84,4,1
18021108, RCProductions-EXT pour Yasmine,-83,4,13
18021108, RCProductions-EXT pour Ariane,-84,4,13
18021108, UPC Wi-Free,-84,5,1
18021108, TvT_0004656,-77,3,2
18021108, UPCA8BF168,-73,4,6
18021108, RCProductions-EXT,-83,4,13
18021114, UPC Wi-Free,-89,5,1
18021114, apzuzu6_EXT,-89,3,4
18021114, zos-98127,-88,3,1
18021115, vcy-48117-5Ghz,-88,3,8
18021115, RCProductions-EXT pour Yasmine,-90,4,13
18021115, RCProductions-EXT pour Ariane,-90,4,13
18021115, UPC Wi-Free,-92,5,1
18021115, UPC Wi-Free,-77,5,6
18021115, TvT_0004656,-79,3,2
18021115, WiFiCus,-91,4,1
18021115, UPCA8BF168,-77,4,6
18021115, RCProductions-EXT,-93,4,13
18021115, UPC2203812,-89,4,1
18021115, UPC Wi-Free,-91,5,1
18021120, UPC2203812,-76,4,1
18021120, zos-98127,-88,3,1
18021120, vcy-48117-5Ghz,-89,3,8
18021120, UPC65FA757,-93,4,1
18021121, RCProductions-EXT pour Yasmine,-91,4,13
18021121, UPC Wi-Free,-92,5,1
18021121, UPC Wi-Free,-80,5,1
18021121, UPC Wi-Free,-71,5,6
18021121, TvT_0004656,-89,3,2
18021121, RCProductions-EXT pour Ariane,-86,4,13
18021121, UPCA8BF168,-73,4,6
18021121, RCProductions-EXT,-81,4,13
18021121, UPC Wi-Free,-90,5,1
18021121, UPC8461370,-93,4,1
18021127, UPC Wi-Free,-91,5,1
18021127, apzuzu6_EXT,-92,3,4
18021127, UPC2203812,-89,4,1
18021127, UPCC75E4EE,-84,4,11
18021127, RCProductions-EXT pour Yasmine,-74,4,13
18021127, UPC Wi-Free,-88,5,1
18021127, UPC Wi-Free,-88,5,1
18021127, RCProductions-EXT,-71,4,13
18021127, WiFiCus,-89,4,1
18021127, UPCA8BF168,-79,4,6
18021127, UPC8461370,-91,4,1
18021127, UPC Wi-Free,-93,5,1
18021127, UPC Wi-Free,-81,5,6
18021127, vcy-48117-5Ghz,-82,3,8
18021127, UPC Wi-Free,-84,5,11
18021127, TvT_0004656,-90,3,2
18021127, RCProductions-EXT pour Ariane,-70,4,13
18021127, UPC57F67AE,-91,4,1
18021133, UPC Wi-Free,-91,5,1
18021133, RCProductions-EXT,-82,4,13
18021133, UPC Wi-Free,-90,5,6
18021133, vcy-48117-5Ghz,-88,3,8
18021133, UPCC75E4EE,-81,4,11
18021133, UPC Wi-Free,-82,5,11
18021133, RCProductions-EXT pour Ariane,-80,4,13
18021133, UPC Wi-Free,-89,5,1
18021133, UPC Wi-Free,-90,5,6
18021133, UPC5F9AF36,-90,4,6
18021133, UPC Wi-Free,-88,5,6
18021133, UPCA8BF168,-86,4,6
18021133, RCProductions-EXT pour Yasmine,-84,4,13
18021133, UPC2203812,-87,4,1
18021133, UPC8461370,-92,4,1
18021139, UPC Wi-Free,-89,5,1
18021139, UPC2203812,-90,4,1
18021139, RCProductions-EXT,-81,4,13
18021139, UPCC75E4EE,-79,4,11
18021139, UPC Wi-Free,-77,5,11
18021139, RCProductions-EXT pour Ariane,-85,4,13
18021139, UPC Wi-Free,-89,5,1
18021139, RCProductions-EXT pour Yasmine,-87,4,13
18021139, WiFiCus,-89,4,1
18021139, visitor-23996,-91,3,1
18021139, UPCA8BF168,-89,4,6
18021139, UPC Wi-Free,-89,5,6
18021139, UPC Wi-Free,-89,5,11
18021139, UPC8461370,-93,4,1
18021145, UPC Wi-Free,-87,5,1
18021145, RCProductions-EXT pour Yasmine,-75,4,13
18021145, UPC53FA795,-94,4,1
18021145, UPC8461370,-88,4,1
18021145, UPCF7744D7,-89,4,6
18021145, UPCC75E4EE,-79,4,11
18021145, UPC Wi-Free,-90,5,6
18021145, RCProductions-EXT pour Ariane,-78,4,13
18021145, UPC Wi-Free,-90,5,1
18021145, UPC Wi-Free,-91,5,6
18021145, RCProductions-EXT,-75,4,13
18021145, UPC Wi-Free,-78,5,11
18021145, UPC3DF8B6F,-82,4,11
18021145, HUAWEI-A267,-86,3,2
18021145, UPC Wi-Free,-84,5,11
18021145, UPC Wi-Free,-92,5,1
18021151, UPC Wi-Free,-89,5,1
18021151, RCProductions-EXT pour Yasmine,-81,4,13
18021151, UPC Wi-Free,-90,5,1
18021151, UPCC75E4EE,-79,4,11
18021151, UPC3DF8B6F,-84,4,11
18021151, RCProductions-EXT pour Ariane,-82,4,13
18021151, RCProductions-EXT,-81,4,13
18021151, visitor-23996,-90,3,1
18021151, UPC Wi-Free,-97,5,11
18021151, UPC Wi-Free,-92,5,1
18021151, UPC8461370,-88,4,1
18021151, UPC Wi-Free,-78,5,11
18021151, UPC Wi-Free,-89,5,6
18021151, zos-98127,-91,3,1
18021151, UPC48478BC,-91,4,1
18021151, UPC745F177,-88,4,1
18021151, UPC Wi-Free,-85,5,11
18021151, UPC57F67AE,-87,4,1
18021157, UPCEF73C85,-88,4,11
18021157, UPC2203812,-92,4,1
18021157, UPC53FA795,-85,4,1
18021157, UPCC75E4EE,-79,4,11
18021157, UPC3DF8B6F,-80,4,11
18021157, RCProductions-EXT pour Ariane,-77,4,13
18021157, UPC Wi-Free,-93,5,1
18021157, UPC Wi-Free,-88,5,1
18021157, visitor-23996,-86,3,1
18021157, UPC Wi-Free,-85,5,11
18021157, HUAWEI-A267,-78,3,2
18021158, UPC6F6F4C1,-91,4,6
18021158, UPC8461370,-86,4,1
18021158, UPC Wi-Free,-78,5,11
18021158, RCProductions-EXT,-81,4,13
18021158, RCProductions-EXT pour Yasmine,-74,4,13
18021158, WiFiCus,-89,4,1
18021158, UPC Wi-Free,-89,5,1
18021158, UPC Wi-Free,-88,5,1
18021158, UPC Wi-Free,-90,5,1
18021158, UPC Wi-Free,-81,5,11
18021158, UPC Wi-Free,-85,5,1
18021163, UPC Wi-Free,-94,5,1
18021164, UPCF962374,-89,4,6
18021164, Porsche_WLAN_0086,-90,3,6
18021164, UPC Wi-Free,-88,5,1
18021164, UPC53FA795,-81,4,1
18021164, UPCC75E4EE,-81,4,11
18021164, UPC3DF8B6F,-82,4,11
18021164, RCProductions-EXT pour Ariane,-82,4,13
18021164, UPCEF73C85,-91,4,11
18021164, UPC Wi-Free,-85,5,1
18021164, visitor-23996,-90,3,1
18021164, HUAWEI-A267,-80,3,2
18021164, UPC Wi-Free,-88,5,6
18021164, UPC Wi-Free,-91,5,1
18021164, UPC Wi-Free,-87,5,1
18021164, UPC8461370,-86,4,1
18021164, UPCF7744D7,-82,4,6
18021164, UPC Wi-Free,-82,5,6
18021164, RCProductions-EXT,-82,4,13
18021164, RCProductions-EXT pour Yasmine,-81,4,13
18021164, UPC Wi-Free,-88,5,6
18021164, UPC48478BC,-94,4,1
18021164, UPC Wi-Free,-90,5,1
18021164, mni-94777,-90,3,1
18021164, UPC Wi-Free,-80,5,11
18021164, UPC Wi-Free,-81,5,11
18021164, UPC Wi-Free,-82,5,1
18021170, UPC Wi-Free,-87,5,1
18021170, UPCF962374,-91,4,6
18021170, UPC53FA795,-85,4,1
18021170, UPCC75E4EE,-77,4,11
18021170, UPC9568736,-81,3,6
18021170, RCProductions-EXT pour Ariane,-78,4,13
18021170, UPCEF73C85,-87,4,11
18021170, UPC Wi-Free,-78,5,6
18021170, FMEL,-90,3,7
18021170, UPC4586505,-93,4,11
18021170, HUAWEI-A267,-75,3,2
18021170, UPC Wi-Free,-89,5,1
18021170, RCProductions-EXT pour Yasmine,-77,4,13
18021170, UPC Wi-Free,-93,5,1
18021170, visitor-49687,-94,3,1
18021170, RCProductions-EXT,-79,4,13
18021170, UPC3DF8B6F,-81,4,11
18021170, UPCF7744D7,-76,4,6
18021170, kty-12802,-88,4,1
18021170, UPC Wi-Free,-77,5,6
18021170, UPC Wi-Free,-94,5,11
18021170, UPC Wi-Free,-77,5,11
18021170, UPC Wi-Free,-87,5,6
18021170, UPC65FA757,-85,4,1
18021170, UPC Wi-Free,-87,5,1
18021170, mni-94777,-89,3,1
18021171, UPC Wi-Free,-88,5,11
18021171, UPC Wi-Free,-81,5,11
18021171, UPC Wi-Free,-84,5,1
18021176, UPC Wi-Free,-91,5,1
18021176, UPCF962374,-88,4,6
18021176, UPCC75E4EE,-76,4,11
18021176, UPC9568736,-84,3,6
18021177, UPC Wi-Free,-84,5,1
18021177, UPC Wi-Free,-90,5,6
18021177, HUAWEI-A267,-77,3,2
18021177, UPC Wi-Free,-78,5,1
18021177, UPC Wi-Free,-89,5,1
18021177, FRITZ!Box 7490,-89,3,6
18021177, Sunrise_2.4GHz_044B76,-88,4,6
18021177, UPC Wi-Free,-78,5,11
18021177, MonWifiEtPasLeTien ,-89,3,11
18021177, UPC Wi-Free,-86,5,6
18021177, UPC Wi-Free,-93,5,1
18021177, UPC Wi-Free,-89,5,11
18021177, UPC57F67AE,-89,4,1
18021177, UPC19F466E,-91,4,11
18021177, Redmi,-90,3,13
18021177, UPC Wi-Free,-90,5,1
18021177, UPC53FA795,-77,4,1
18021177, UPC3DF8B6F,-90,4,11
18021177, RCProductions-EXT pour Ariane,-82,4,13
18021177, UPCEF73C85,-86,4,11
18021177, UPC4FD67EF,-90,4,1
18021177, UPC Wi-Free,-83,5,11
18021177, UPC Wi-Free,-85,5,1
18021177, UPC Wi-Free,-83,5,1
18021177, UPC8461370,-83,4,1
18021177, UPCF7744D7,-85,4,6
18021177, UPC Wi-Free,-84,5,6
18021177, UPC Wi-Free,-83,5,6
18021177, UPC65FA757,-83,4,1
18021177, UPC Wi-Free,-89,5,1
18021177, UPC48478BC,-95,4,1
18021177, UPC Wi-Free,-90,5,11
18021177, RCProductions-EXT,-82,4,13
18021177, RCProductions-EXT pour Yasmine,-80,4,13
18021183, UPC19F466E,-87,4,11
18021183, Redmi,-86,3,13
18021183, UPC Wi-Free,-88,5,6
18021183, UPC Wi-Free,-90,5,1
18021183, UPC53FA795,-84,4,1
18021183, UPCC75E4EE,-84,4,11
18021183, UPC9568736,-83,3,6
18021183, UPCEFAC398,-91,4,1
18021183, RCProductions-EXT pour Yasmine,-83,4,13
18021183, RCProductions-EXT pour Ariane,-81,4,13
18021184, UPC Wi-Free,-80,5,1
18021184, visitor-23996,-90,3,1
18021184, aldebaran0341,-90,3,1
18021184, HUAWEI-A267,-79,3,2
18021184, RCProductions-EXT,-84,4,13
18021184, Kadioglu,-89,4,6
18021184, UPC6F6F4C1,-89,4,6
18021184, visitor-49687,-90,3,1
18021184, DIRECT-7F-HP OfficeJet 5200,-88,3,1
18021184, UPC8461370,-82,4,1
18021184, UPCF7744D7,-87,4,6
18021184, MonWifiEtPasLeTien ,-90,3,11
18021184, UPC Wi-Free,-88,5,6
18021184, UPC Wi-Free,-86,5,11
18021184, UPC3DF8B6F,-90,4,11
18021184, UPC Wi-Free,-87,5,6
18021184, UPC Wi-Free,-84,5,11
18021184, UPC Wi-Free,-89,5,1
18021184, UPC46DF3EF,-90,4,1
18021184, UPC4586505,-86,4,11
18021184, UPC Wi-Free,-92,5,1
18021184, UPC Wi-Free,-83,5,1
18021190, UPC Wi-Free,-88,5,6
18021190, UPC Wi-Free,-90,5,1
18021190, UPC53FA795,-94,4,1
18021190, UPCC75E4EE,-87,4,11
18021190, kty-12802,-91,4,1
18021190, UPC Wi-Free,-83,5,1
18021190, UPC Wi-Free,-93,5,1
18021190, UPCEFAC398,-91,4,1
18021190, HUAWEI-A267,-88,3,2
18021190, UPC Wi-Free,-93,5,1
18021190, UPC6F6F4C1,-89,4,6
18021190, UPC Wi-Free,-91,5,11
18021190, UPC8461370,-91,4,1
18021190, UPCCF2CA1A,-88,4,11
18021190, visitor-49687,-88,3,1
18021190, FMEL,-89,3,13
18021190, UPC Wi-Free,-89,5,11
18021190, UPC3DF8B6F,-92,4,11
18021190, UPC48478BC,-90,4,1
18021190, UPC69AA7F9,-84,4,1
18021190, UPCEE6CB8C,-90,4,6
18021190, UPC2367964,-88,4,6
18021196, UPC2203812,-88,4,1
18021196, UPC53FA795,-89,4,1
18021196, UPCC75E4EE,-88,4,11
18021196, UPC Wi-Free,-91,5,1
18021196, UPC Wi-Free,-90,5,1
18021196, RCProductions-EXT,-87,4,13
18021196, visitor-23996,-93,3,1
18021196, aldebaran0341,-91,3,1
18021196, HUAWEI-A267,-88,3,2
18021196, UPC Wi-Free,-85,5,1
18021196, UPC Wi-Free,-88,5,11
18021196, FMEL,-87,3,13
18021196, UPCCF2CA1A,-88,4,11
18021196, UPC2913D37,-93,4,11
18021196, UPC69AA7F9,-93,4,1
18021196, RCProductions-EXT pour Ariane,-87,4,13
18021196, UPC2367964,-89,4,6
18021202, UPC53FA795,-85,4,1
18021202, UPC Wi-Free,-90,5,1
18021202, kty-12802,-86,4,1
18021203, RCProductions-EXT pour Ariane,-90,4,13
18021203, RCProductions-EXT,-90,4,13
18021203, visitor-23996,-92,3,1
18021203, HUAWEI-A267,-91,3,2
18021203, UPC Wi-Free,-91,5,1
18021203, visitor-49687,-86,3,1
18021203, UPC8461370,-89,4,1
18021203, UPCF7744D7,-94,4,6
18021203, UPC Wi-Free,-91,5,6
18021203, UPC Wi-Free,-91,5,6
18021203, UPC65FA757,-91,4,1
18021203, UPC Wi-Free,-93,5,1
18021203, UPC46DF3EF,-90,4,1
18021203, RCProductions-EXT pour Yasmine,-91,4,13
18021203, UPC Wi-Free,-84,5,1
18021209, UPC6F6F4C1,-92,4,6
18021209, visitor-49687,-91,3,1
18021209, Sunrise_2.4GHz_01B05E,-90,4,1
18021209, UPC8461370,-86,4,1
18021209, UPC53FA795,-85,4,1
18021209, UPCC75E4EE,-92,4,11
18021209, UPC Wi-Free,-91,5,11
18021209, UPCEFAC398,-89,4,1
18021209, fth-89239,-88,3,6
18021209, UPC Wi-Free,-91,5,1
18021209, UPC Wi-Free,-86,5,1
18021209, visitor-23996,-88,3,1
18021209, UPC Wi-Free,-85,5,1
18021209, fth-89239,-90,3,1
18021209, UPC Wi-Free,-89,5,6
18021209, UPC2137701,-91,4,1
18021215, UPC6F6F4C1,-89,4,6
18021215, UPC Wi-Free,-88,5,11
18021215, UPC Wi-Free,-93,5,1
18021215, UPCC75E4EE,-89,4,11
18021215, UPC Wi-Free,-91,5,6
18021215, Sunrise_2.4GHz_01B05E,-93,4,1
18021215, TI BPL2 TRC,-92,3,2
18021215, fth-89239,-92,3,1
18021215, UPCEFAC398,-94,4,1
18021221, Redmi,-93,3,13
18021221, UPC2203812,-92,4,1
18021221, UPC53FA795,-79,4,1
18021221, UPCC75E4EE,-82,4,11
18021221, UPC Wi-Free,-91,5,6
18021221, UPCEFAC398,-89,4,1
18021221, UPC Wi-Free,-88,5,1
18021221, UPC Wi-Free,-91,5,1
18021221, UPC Wi-Free,-92,5,6
18021221, aldebaran0341,-86,3,1
18021221, fth-89239,-91,3,1
18021221, aqp-71511,-91,3,1
18021221, UPC Wi-Free,-88,5,1
18021221, FMEL,-85,3,13
18021221, FMEL,-90,3,1
18021221, UPC Wi-Free,-81,5,11
18021221, Sunrise_2.4GHz_01B05E,-90,4,1
18021221, DIRECT-AP[TV][LG]60LB580V-ZM,-88,3,1
18021221, UPC8461370,-90,4,1
18021221, RCProductions-EXT pour Ariane,-88,4,13
18021221, RCProductions-EXT,-89,4,13
18021222, UPC2137701,-90,4,1
18021228, Redmi,-87,3,13
18021228, UPC2137701,-85,4,1
18021228, ValdezSabando,-95,3,1
18021228, UPC53FA795,-84,4,1
18021228, DIRECT-AP[TV][LG]60LB580V-ZM,-87,3,1
18021228, kty-12802,-85,4,1
18021228, UPCEFAC398,-89,4,1
18021228, FMEL,-83,3,13
18021228, UPC Wi-Free,-85,5,1
18021228, UPC Wi-Free,-77,5,1
18021228, FMEL,-88,3,7
18021228, UPC4586505,-89,4,11
18021228, UPC Wi-Free,-88,5,1
18021228, RCProductions-EXT,-88,4,13
18021228, UPC Wi-Free,-83,5,6
18021228, UPC6F6F4C1,-83,4,6
18021228, visitor-49687,-84,3,1
18021228, FMEL,-90,3,4
18021228, UPC8461370,-78,4,1
18021228, FMEL,-87,3,4
18021228, teran_2.4,-85,3,6
18021228, UPC Wi-Free,-71,5,11
18021228, aqp-71511,-92,3,1
18021228, Konate,-91,4,1
18021228, TI BPL2 TRC,-92,3,2
18021228, UPC Wi-Free,-87,5,1
18021228, UPC3DF8B6F,-82,4,11
18021228, UPCC75E4EE,-70,4,11
18021228, UPC Wi-Free,-88,5,1
18021228, UPC Wi-Free,-82,5,11
18021228, UPC Wi-Free,-84,5,1
18021234, Redmi,-90,3,13
18021234, DIRECT-AP[TV][LG]60LB580V-ZM,-87,3,1
18021235, UPC Wi-Free,-81,5,6
18021235, UPCEFAC398,-85,4,1
18021235, UPCC75E4EE,-70,4,11
18021235, UPC8461370,-80,4,1
18021235, UPC Wi-Free,-82,5,1
18021235, UPC4586505,-89,4,11
18021235, HUAWEI-A267,-77,3,2
18021235, Galaxy A5104A1,-84,3,6
18021235, UPC6F6F4C1,-79,4,6
18021235, visitor-49687,-90,3,1
18021235, FRITZ!Box 7490,-88,3,6
18021235, UPC Wi-Free,-71,5,11
18021235, UPC Wi-Free,-86,5,11
18021235, RCProductions-EXT pour Yasmine,-89,4,13
18021235, FMEL,-86,3,13
18021235, Vrto expres,-73,3,11
18021235, RCProductions-EXT pour Ariane,-89,4,13
18021235, Vrto 2,-71,3,6
18021235, kty-12802,-89,4,1
18021235, UPC2137701,-91,4,1
18021241, UPC Wi-Free,-86,5,1
18021241, Redmi,-90,3,13
18021241, kty-12802,-86,4,1
18021241, UPC Wi-Free,-93,5,1
18021241, UPC53FA795,-92,4,1
18021241, DIRECT-AP[TV][LG]60LB580V-ZM,-83,3,1
18021241, UPC Wi-Free,-87,5,6
18021241, UPCEFAC398,-88,4,1
18021241, fth-89239,-87,3,6
18021241, RCProductions-EXT,-92,4,13
18021241, Vrto 2,-78,3,6
18021241, UPC4586505,-83,4,11
18021241, HUAWEI-A267,-84,3,2
18021241, UPC6F6F4C1,-87,4,6
18021241, visitor-49687,-86,3,1
18021241, Hoxha_WiFi,-90,4,1
18021241, RCProductions-EXT pour Ariane,-91,4,13
18021241, UPC Wi-Free,-82,5,11
18021241, UPC Wi-Free,-84,5,11
18021241, Konate,-92,4,1
18021241, TI BPL2 TRC,-86,3,2
18021241, UPCC75E4EE,-84,4,11
18021241, Vrto expres,-80,3,11
18021241, UPC48478BC,-91,4,1
18021241, UPC8D6737C,-89,4,6
18021241, UPC Wi-Free,-88,5,1
18021241, UPC Wi-Free,-90,5,1
18021247, Redmi,-87,3,13
18021247, UPC Wi-Free,-89,5,1
18021247, UPC Wi-Free,-87,5,6
18021247, UPC Wi-Free,-92,5,6
18021247, UPCEFAC398,-84,4,1
18021247, UPC6F6F4C1,-88,4,6
18021247, UPC Wi-Free,-92,5,1
18021247, UPC Wi-Free,-80,5,1
18021247, visitor-23996,-87,3,1
18021247, Hoxha_WiFi,-91,4,1
18021247, UPC Wi-Free,-82,5,1
18021247, Galaxy A5104A1,-89,3,6
18021247, fth-89239,-89,3,1
18021248, UPC Wi-Free,-85,5,1
18021248, visitor-49687,-86,3,1
18021248, UPC8461370,-80,4,1
18021248, UPC Wi-Free,-87,5,1
18021248, Error 404,-89,4,6
18021248, UPC Wi-Free,-94,5,1
18021248, UPC Wi-Free,-80,5,11
18021248, UPC4586505,-82,4,11
18021248, kty-12802,-87,4,1
18021248, aldebaran0341,-87,3,1
18021248, Vrto expres,-79,3,11
18021248, UPC Wi-Free,-79,5,11
18021248, Vrto 2,-77,3,6
18021248, UPC681C4FE,-90,4,1
18021248, UPCC75E4EE,-74,4,11
18021254, Redmi,-93,3,13
18021254, UPCC75E4EE,-82,4,11
18021254, UPC Wi-Free,-85,5,1
18021254, UPC Wi-Free,-84,5,6
18021254, UPCEFAC398,-89,4,1
18021254, fth-89239,-84,3,6
18021254, UPC Wi-Free,-86,5,1
18021254, UPC Wi-Free,-87,5,1
18021254, UPC Wi-Free,-82,5,1
18021254, fth-89239,-91,3,1
18021254, Galaxy A5104A1,-78,3,6
18021254, UPC Wi-Free,-88,5,6
18021254, UPC6F6F4C1,-84,4,6
18021254, UPC8461370,-86,4,1
18021254, UPC Wi-Free,-80,5,11
18021254, TI BPL2 TRC,-84,3,2
18021254, Vrto 2,-69,3,6
18021254, UPC681C4FE,-86,4,1
18021260, Redmi,-93,3,13
18021260, One can never have...,-89,3,9
18021260, UPC53FA795,-89,4,1
18021260, UPC Wi-Free,-91,5,6
18021260, UPC Wi-Free,-71,5,6
18021260, UPCEFAC398,-81,4,1
18021260, fth-89239,-81,3,6
18021260, UPC Wi-Free,-86,5,1
18021260, FMEL,-90,3,7
18021260, UPC4586505,-88,4,11
18021260, fth-89239,-77,3,1
18021260, UPC6F6F4C1,-69,4,6
18021260, UPC8461370,-88,4,1
18021260, UPC Wi-Free,-92,5,1
18021260, Error 404,-90,4,6
18021260, UPC Wi-Free,-93,5,11
18021261, UPC Wi-Free,-86,5,11
18021261, Konate,-87,4,1
18021261, TI BPL2 TRC,-82,3,2
18021261, FMEL,-86,3,12
18021261, UPC Wi-Free,-70,5,1
18021261, UPCC75E4EE,-92,4,11
18021261, Vrto 2,-86,3,6
18021261, UPC Wi-Free,-91,5,1
18021261, UPC Wi-Free,-94,5,1
18021267, Redmi,-91,3,13
18021267, UPCC75E4EE,-76,4,11
18021267, UPC Wi-Free,-74,5,6
18021267, RCProductions-EXT pour Ariane,-89,4,13
18021267, fth-89239,-74,3,6
18021267, UPC Wi-Free,-87,5,1
18021267, UPC Wi-Free,-86,5,1
18021267, UPC Wi-Free,-89,5,6
18021267, UPC Wi-Free,-76,5,1
18021267, fth-89239,-79,3,1
18021267, aed-65320,-90,3,1
18021267, Konate,-93,4,1
18021267, UPC6F6F4C1,-72,4,6
18021267, visitor-49687,-90,3,1
18021267, UPCEFAC398,-75,4,1
18021267, UPC8461370,-88,4,1
18021267, RCProductions-EXT pour Yasmine,-85,4,13
18021267, RCProductions-EXT,-84,4,13
18021267, UPC Wi-Free,-76,5,11
18021267, aqp-71511,-93,3,1
18021267, FMEL,-88,3,9
18021267, TI BPL2 TRC,-79,3,2
18021267, One can never have...,-92,3,9
18021267, UPC Wi-Free,-91,5,1
18021268, UPC Wi-Free,-95,5,11
18021268, kty-12802,-87,4,1
18021268, UPC681C4FE,-91,4,1
18021268, FMEL,-91,3,4
18021273, Redmi,-96,3,13
18021273, aqp-71511,-87,3,1
18021273, UPC Wi-Free,-83,5,1
18021273, UPCC75E4EE,-85,4,11
18021274, UPC Wi-Free,-66,5,6
18021274, UPCEFAC398,-72,4,1
18021274, fth-89239,-79,3,6
18021274, UPC Wi-Free,-90,5,1
18021274, visitor-23996,-89,3,1
18021274, UPC4586505,-89,4,11
18021274, fth-89239,-83,3,1
18021274, aed-65320,-85,3,1
18021274, HUAWEI_B818_9053,-87,3,8
18021274, UPC6F6F4C1,-66,4,6
18021274, UPC Wi-Free,-86,5,11
18021274, UPC Wi-Free,-88,5,11
18021274, TI BPL2 TRC,-87,3,2
18021274, RCProductions-EXT,-87,4,13
18021274, RCProductions-EXT pour Yasmine,-88,4,13
18021280, visitor-23996,-87,3,1
18021280, UPCC75E4EE,-92,4,11
18021280, kty-12802,-76,4,1
18021280, UPC Wi-Free,-86,5,6
18021280, UPC7482BAC,-89,4,6
18021280, UPC Wi-Free,-94,5,1
18021280, UPC Wi-Free,-75,5,6
18021280, aldebaran0341,-85,3,1
18021280, fth-89239,-91,3,1
18021280, aed-65320,-81,3,1
18021280, HUAWEI_B818_9053,-82,3,8
18021280, UPC6F6F4C1,-83,4,6
18021280, FMEL,-89,3,4
18021280, FMEL,-91,3,13
18021280, FMEL,-89,3,4
18021280, aldebaran0341,-92,3,6
18021280, aqp-71511,-77,3,1
18021280, FMEL,-91,3,12
18021280, RCProductions-EXT,-91,4,13
18021280, UPC8D6737C,-79,4,6
18021280, UPC Wi-Free,-93,5,11
18021280, visitor-23996,-89,3,6
18021286, UPCC75E4EE,-80,4,11
18021287, UPC Wi-Free,-85,5,6
18021287, UPC Wi-Free,-92,5,1
18021287, UPC Wi-Free,-78,5,6
18021287, UPC4586505,-86,4,11
18021287, RCProductions-EXT,-91,4,13
18021287, UPC6F6F4C1,-87,4,6
18021287, visitor-49687,-75,3,1
18021287, FMEL,-86,3,4
18021287, FMEL,-90,3,13
18021287, FMEL,-77,3,4
18021287, FMEL,-87,3,1
18021287, UPC Wi-Free,-85,5,11
18021287, UPC Wi-Free,-89,5,11
18021287, FMEL,-91,3,9
18021287, FMEL,-85,3,10
18021287, kty-12802,-76,4,1
18021287, UPCB5D675F,-94,4,1
18021287, HUAWEI-E010-2.4G,-91,3,9
18021287, UPC2203812,-92,4,1
18021287, RCProductions-EXT pour Yasmine,-90,4,13
18021287, RCProductions-EXT pour Ariane,-92,4,13
18021287, HomeSweetHome,-92,3,8
18021287, FMEL,-77,3,7
18021288, visitor-23996,-88,3,6
18021288, aed-65320,-90,3,1
18021288, HUAWEI_B818_9053,-83,3,8
18021288, FMEL,-86,3,13
18021288, aldebaran0341,-87,3,6
18021288, aqp-71511,-91,3,1
18021288, FMEL,-87,3,12
18021288, UPC8D6737C,-81,4,6
18021288, aldebaran0341,-66,3,1
18021288, visitor-23996,-65,3,1
18021294, visitor-23996,-75,3,1
18021294, aldebaran0341,-83,3,6
18021294, UPCC75E4EE,-88,4,11
18021294, kty-12802,-89,4,1
18021294, RCProductions-EXT pour Ariane,-91,4,13
18021294, UPC Wi-Free,-83,5,6
18021294, RCProductions-EXT,-93,4,13
18021294, visitor-23996,-80,3,6
18021294, aldebaran0341,-76,3,1
18021294, nli-86919,-89,3,6
18021294, aed-65320,-89,3,1
18021294, HUAWEI_B818_9053,-93,3,8
18021294, FMEL,-91,3,1
18021294, UPC Wi-Free,-86,5,11
18021294, aqp-71511,-92,3,1
18021294, UPC8D6737C,-82,4,6
18021294, RCProductions-EXT pour Yasmine,-92,4,13
18021294, Sunrise_2.4GHz_01B05E,-80,4,1
18021300, HUAWEI-E010-2.4G,-89,3,9
18021300, Sunrise_2.4GHz_A69080,-90,4,1
18021300, UPC53FA795,-94,4,1
18021300, UPC3DF8B6F,-90,4,11
18021300, Sunrise_2.4GHz_01B05E,-83,4,1
18021300, kty-12802,-89,4,1
18021300, UPC7482BAC,-86,4,6
18021300, RCProductions-EXT,-90,4,13
18021300, visitor-23996,-81,3,1
18021300, aldebaran0341,-80,3,1
18021300, nli-86919,-77,3,6
18021301, aed-65320,-88,3,1
18021301, visitor-49687,-82,3,1
18021301, aqp-71511,-90,3,1
18021301, UPC Wi-Free,-87,5,6
18021301, UPC8D6737C,-89,4,6
18021301, UPC Wi-Free,-92,5,11
18021301, RCProductions-EXT pour Yasmine,-91,4,13
18021306, HUAWEI-E010-2.4G,-94,3,9
18021306, Sunrise_2.4GHz_A69080,-88,4,1
18021307, UPC Wi-Free,-90,5,6
18021307, Sunrise_2.4GHz_01B05E,-84,4,1
18021307, UPC7482BAC,-89,4,6
18021307, UPC65FA757,-95,4,1
18021307, visitor-23996,-88,3,1
18021307, fpl-76051,-93,3,1
18021307, nli-86919,-91,3,6
18021307, UPC4586505,-95,4,11
18021312, UPC8461370,-94,4,1
18021312, UPC53FA795,-93,4,1
18021313, UPC Wi-Free,-83,5,6
18021313, RCProductions-EXT pour Yasmine,-93,4,13
18021313, Sunrise_2.4GHz_01B05E,-93,4,1
18021313, UPC Wi-Free,-86,5,1
18021313, UPC7482BAC,-83,4,6
18021313, UPC Wi-Free,-92,5,1
18021313, RCProductions-EXT pour Ariane,-89,4,13
18021313, UPC2203812,-87,4,1
18021313, HUAWEI-A267,-92,3,2
18021313, UPC Wi-Free,-92,5,11
18021313, UPC Wi-Free,-93,5,1
18021319, UPC Wi-Free,-89,5,1
18021319, UPC9241635,-91,4,6
18021319, Sunrise_2.4GHz_A69080,-74,4,1
18021319, UPC2203812,-87,4,1
18021319, fpl-76051,-94,3,1
18021319, RCProductions-EXT pour Ariane,-92,4,13
18021319, RCProductions-EXT pour Yasmine,-90,4,13
18021319, FPNetwork,-93,4,11
18021325, UPC Wi-Free,-89,5,1
18021325, UPC2203812,-93,4,1
18021325, Sunrise_2.4GHz_662650,-92,4,1
18021325, RCProductions-EXT pour Yasmine,-90,4,13
18021325, RCProductions-EXT pour Ariane,-92,4,13
18021331, UPC Wi-Free,-87,5,6
18021331, UPC9241635,-89,4,6
18021331, RCProductions-EXT,-93,4,13
18021331, UPC2203812,-89,4,1
18021331, UPC Wi-Free,-90,5,1
18021331, Sunrise_2.4GHz_662650,-84,4,1
18021331, RCProductions-EXT pour Yasmine,-95,4,13
18021331, RCProductions-EXT pour Ariane,-91,4,13
18021336, UPC Wi-Free,-90,5,6
18021337, UPC9241635,-89,4,6
18021337, Sunrise_2.4GHz_A69080,-92,4,1
18021337, UPC2203812,-83,4,1
18021337, UPC Wi-Free,-85,5,6
18021337, Sunrise_2.4GHz_662650,-89,4,1
18021337, RCProductions-EXT pour Yasmine,-93,4,13
18021337, UPC Wi-Free,-87,5,1
18021337, UPC6439111,-83,4,6
18021337, UPC2310492,-93,4,1
18021343, UPC Wi-Free,-86,5,6
18021343, UPCEF3C5ED,-90,4,11
18021343, tji-59218,-90,4,1
18021343, Sunrise_2.4GHz_662650,-86,4,1
18021343, UPC Wi-Free,-92,5,11
18021343, LuthyJaquier,-88,3,6
18021349, UPC Wi-Free,-89,5,6
18021349, UPC Wi-Free,-94,5,11
18021349, UPC2310492,-93,4,1
18021349, Sunrise_2.4GHz_662650,-92,4,1
18021349, RCProductions-EXT pour Yasmine,-90,4,13
18021349, RCProductions-EXT pour Ariane,-90,4,13
18021349, UPC6439111,-89,4,6
18021349, UPCEF3C5ED,-91,4,11
18021349, tji-59218,-87,4,1
18021349, RCProductions-EXT,-92,4,13
18021355, UPC Wi-Free,-91,5,1
18021355, RCProductions-EXT,-94,4,13
18021355, UPC Wi-Free,-92,5,11
18021355, Adrian,-89,3,6
18021355, tji-59218,-85,4,1
18021355, Sunrise_2.4GHz_662650,-73,4,1
18021355, RCProductions-EXT pour Yasmine,-91,4,13
18021355, RCProductions-EXT pour Ariane,-90,4,13
18021361, UPC Wi-Free,-94,5,1
18021361, Sunrise_2.4GHz_662650,-81,4,1
18021361, RCProductions-EXT pour Yasmine,-92,4,13
18021361, RCProductions-EXT pour Ariane,-89,4,13
18021361, linksysmanuel,-85,4,11
18021361, UPC Wi-Free,-93,5,11
18021361, Adrian,-90,3,6
18021361, tji-59218,-84,4,1
18021361, UPCF2C6A3A,-92,4,11
18021361, RCProductions-EXT,-89,4,13
18021366, UPC Wi-Free,-88,5,1
18021367, UPC Wi-Free,-93,5,6
18021367, dhg-87555,-94,3,1
18021367, Sunrise_2.4GHz_662650,-77,4,1
18021367, UPC578B7A3,-92,4,6
18021367, linksysmanuel,-83,4,11
18021367, UPC Wi-Free,-91,5,11
18021367, tji-59218,-69,4,1
18021367, UPC17E648D,-87,4,1
18021367, ech-02870,-89,3,6
18021372, linksysmanuel,-92,4,11
18021372, UPC72E5C4E_EXT,-89,4,6
18021373, UPCF2C6A3A,-85,4,11
18021373, tji-59218,-77,4,1
18021373, Sunrise_2.4GHz_662650,-90,4,1
18021373, UPC Wi-Free,-85,5,11
18021379, UPC Wi-Free,-94,5,1
18021379, linksysmanuel,-88,4,11
18021379, UPC72E5C4E_EXT,-92,4,6
18021379, UPC Wi-Free,-90,5,6
18021379, tji-59218,-85,4,1
18021379, UPCC81FA2A,-90,4,6
18021379, RCProductions-EXT pour Yasmine,-93,4,13
18021379, ech-02870,-82,3,6
18021384, UPC Wi-Free,-91,5,1
18021385, UPC Wi-Free,-90,5,6
18021385, RCProductions-EXT pour Yasmine,-94,4,13
18021385, RCProductions-EXT pour Ariane,-89,4,13
18021385, UPC Wi-Free,-90,5,11
18021385, dhg-87555,-92,3,1
18021385, tji-59218,-89,4,1
18021385, UPC17E648D,-93,4,1
18021385, RCProductions-EXT,-90,4,13
18021385, ech-02870,-88,3,6
18021390, UPC Wi-Free,-90,5,11
18021391, RCProductions-EXT pour Yasmine,-88,4,13
18021391, RCProductions-EXT pour Ariane,-92,4,13
18021391, yalloHome-B529-A915,-92,3,9
18021391, UPC72E5C4E_EXT,-81,4,6
18021391, tji-59218,-93,4,1
18021391, UPCF2C6A3A,-92,4,11
18021391, RCProductions-EXT,-92,4,13
18021391, ech-02870,-76,3,6
18021397, dhg-87555,-85,3,1
18021397, UPC Wi-Free,-77,5,6
18021397, UPC Wi-Free,-88,5,1
18021397, Crassus-wifi-2.4G,-88,3,1
18021397, UPCC81FA2A,-80,4,6
18021397, RCProductions-EXT pour Yasmine,-84,4,13
18021397, RCProductions-EXT pour Ariane,-83,4,13
18021397, UPC72E5C4E_EXT,-81,4,6
18021397, RCProductions-EXT,-84,4,13
18021397, UPC17E648D,-88,4,1
18021397, UPC Wi-Free,-81,5,6
18021397, UPC578B7A3,-78,4,6
18021403, UPC Wi-Free,-94,5,1
18021403, UPC Wi-Free,-78,5,6
18021403, UPC578B7A3,-80,4,6
18021403, UPC Wi-Free,-93,5,11
18021403, UPC72E5C4E_EXT,-73,4,6
18021403, thermoap01,-90,4,5
18021403, tji-59218,-87,4,1
18021403, UPC17E648D,-92,4,1
18021403, Marcolet 15,-92,3,1
18021403, ech-02870,-84,3,6
18021409, UPC Wi-Free,-83,5,1
18021409, UPC Wi-Free,-76,5,6
18021409, RCProductions-EXT,-79,4,13
18021409, UPCC81FA2A,-90,4,6
18021409, RCProductions-EXT pour Yasmine,-80,4,13
18021409, RCProductions-EXT pour Ariane,-84,4,13
18021409, UPC Wi-Free,-90,5,11
18021409, dhg-87555,-93,3,1
18021409, UPC72E5C4E_EXT,-71,4,6
18021409, Marcolet 15,-87,3,1
18021409, tji-59218,-94,4,1
18021409, UPC17E648D,-83,4,1
18021409, UPC Wi-Free,-91,5,6
18021409, UPC578B7A3,-75,4,6
18021415, UPC Wi-Free,-81,5,6
18021415, apzuzu6_EXT2,-91,3,4
18021415, UPCEB861D9,-85,4,11
18021415, UPCC81FA2A,-91,4,6
18021415, RCProductions-EXT pour Yasmine,-81,4,13
18021415, RCProductions-EXT pour Ariane,-83,4,13
18021415, UPC72E5C4E_EXT,-81,4,6
18021415, UPC578B7A3,-81,4,6
18021415, RCProductions-EXT,-84,4,13
18021415, UPC Wi-Free,-85,5,6
18021415, UPC Wi-Free,-84,5,11
18021415, Sinaud_2.4,-88,4,1
18021421, UPC Wi-Free,-89,5,1
18021421, UPC Wi-Free,-81,5,6
18021421, MonWifiEtPasLeTien ,-93,3,11
18021421, UPCC81FA2A,-87,4,6
18021421, RCProductions-EXT pour Yasmine,-83,4,13
18021421, RCProductions-EXT pour Ariane,-88,4,13
18021421, RCProductions-EXT,-84,4,13
18021421, apzuzu6_EXT2,-84,3,4
18021421, UPC72E5C4E_EXT,-76,4,6
18021421, UPC46DF3EF,-94,4,1
18021421, UPC17E648D,-93,4,1
18021421, UPC Wi-Free,-91,5,1
18021421, UPCEB861D9,-91,4,11
18021427, UPC Wi-Free,-90,5,1
18021427, UPC Wi-Free,-88,5,6
18021427, UPC72E5C4E_EXT,-85,4,6
18021427, UPC9197578,-87,4,11
18021427, RCProductions-EXT pour Yasmine,-87,4,13
18021427, RCProductions-EXT pour Ariane,-90,4,13
18021427, Sunrise_2.4GHz_8CC080,-91,4,6
18021427, apzuzu6_EXT2,-88,3,4
18021427, RCProductions-EXT,-88,4,13
18021427, UPC17E648D,-90,4,1
18021428, UPCF2C6A3A,-89,4,11
18021428, UPC Wi-Free,-90,5,11
18021428, UPC578B7A3,-86,4,6
18021433, UPC Wi-Free,-89,5,1
18021433, UPC Wi-Free,-87,5,6
18021433, RCProductions-EXT,-87,4,13
18021433, UPC72E5C4E_EXT,-88,4,6
18021433, apzuzu6_EXT3,-92,4,4
18021433, UPCC81FA2A,-90,4,6
18021434, RCProductions-EXT pour Yasmine,-87,4,13
18021434, RCProductions-EXT pour Ariane,-87,4,13
18021434, UPC17E648D,-85,4,1
18021434, Sunrise_2.4GHz_8CC080,-92,4,6
18021434, apzuzu6_EXT2,-84,3,4
18021434, Sunrise_2.4GHz_662650,-94,4,1
18021434, UPC Wi-Free,-88,5,11
18021434, UPC Wi-Free,-86,5,6
18021434, UPCF2C6A3A,-88,4,11
18021434, UPC578B7A3,-88,4,6
18021440, UPC Wi-Free,-86,5,1
18021440, apzuzu6_EXT,-91,3,4
18021440, UPC Wi-Free,-91,5,6
18021440, apzuzu6_EXT3,-88,4,4
18021440, UPCC81FA2A,-90,4,6
18021440, RCProductions-EXT pour Yasmine,-87,4,13
18021440, RCProductions-EXT pour Ariane,-88,4,13
18021440, UPC Wi-Free,-93,5,1
18021440, RCProductions-EXT,-85,4,13
18021440, apzuzu6_EXT2,-83,3,4
18021440, UPC Wi-Free,-89,5,11
18021440, UPCF2C6A3A,-91,4,11
18021440, UPC Wi-Free,-90,5,6
18021440, UPC17E648D,-89,4,1
18021440, UPC578B7A3,-90,4,6
18021446, UPC Wi-Free,-95,5,1
18021446, apzuzu6_EXT,-82,3,4
18021446, apzuzu6_EXT2,-86,3,4
18021446, UPC17E648D,-93,4,1
18021446, RCProductions-EXT pour Yasmine,-90,4,13
18021446, RCProductions-EXT pour Ariane,-93,4,13
18021452, UPC Wi-Free,-90,5,1
18021452, apzuzu6_EXT,-84,3,4
18021452, UPC Wi-Free,-92,5,6
18021452, apzuzu6_EXT3,-84,4,4
18021452, apzuzu6,-82,3,4
18021452, RCProductions-EXT pour Ariane,-85,4,13
18021452, apzuzu6_EXT2,-82,3,4
18021452, RCProductions-EXT pour Yasmine,-84,4,13
18021452, UPC17E648D,-89,4,1
18021452, RCProductions-EXT,-83,4,13
18021452, UPC578B7A3,-90,4,6
18021458, RCProductions-EXT pour Yasmine,-92,4,13
18021458, apzuzu6_EXT,-90,3,4
18021458, apzuzu6_EXT2,-71,3,4
18021458, UPC Wi-Free,-95,5,11
18021458, apzuzu6_EXT3,-82,4,4
18021458, RCProductions-EXT,-89,4,13
18021458, apzuzu6,-78,3,4
18021458, RCProductions-EXT pour Ariane,-90,4,13
18021464, RCProductions-EXT pour Ariane,-90,4,13
18021464, apzuzu6_EXT,-91,3,4
18021464, apzuzu6_EXT2,-62,3,4
18021464, RCProductions-EXT,-92,4,13
18021464, apzuzu6_EXT3,-66,4,4
18021464, RCProductions-EXT pour Yasmine,-89,4,13
18021464, apzuzu6,-92,3,4
18021464, UPC578B7A3,-93,4,6
18021470, UPC Wi-Free,-93,5,1
18021470, apzuzu6_EXT,-84,3,4
18021470, apzuzu6_EXT2,-58,3,4
18021470, RCProductions-EXT pour Yasmine,-92,4,13
18021470, apzuzu6_EXT3,-73,4,4
18021470, RCProductions-EXT,-90,4,13
18021470, apzuzu6,-76,3,4
18021470, RCProductions-EXT pour Ariane,-90,4,13
18021476, apzuzu6_EXT,-65,3,4
18021476, apzuzu6_EXT2,-49,3,4
18021476, UPC Wi-Free,-84,5,11
18021476, apzuzu6_EXT3,-73,4,4
18021476, UPCF2C6A3A,-84,4,11
18021476, apzuzu6,-70,3,4
18021476, UPCA8BF168,-93,4,6
18021482, apzuzu6_EXT,-70,3,4
18021482, apzuzu6_EXT2,-42,3,4
18021482, RCProductions-EXT,-89,4,13
18021482, apzuzu6_EXT3,-51,4,4
18021482, UPCF2C6A3A,-86,4,11
18021482, apzuzu6,-66,3,4
18021482, UPC Wi-Free,-85,5,11
18021488, apzuzu6_EXT,-65,3,4
18021488, UPC Wi-Free,-92,5,6
18021488, apzuzu6_EXT3,-53,4,4
18021488, UPCC81FA2A,-91,4,6
18021488, apzuzu6,-66,3,4
18021488, RCProductions-EXT pour Ariane,-89,4,13
18021488, apzuzu6_EXT2,-37,3,4
18021488, RCProductions-EXT,-90,4,13
18021488, UPC Wi-Free,-87,5,6
18021488, UPC Wi-Free,-90,5,6
18021488, UPC72E5C4E_EXT,-87,4,6
18021488, UPC578B7A3,-83,4,6
18021494, apzuzu6_EXT,-65,3,4
18021494, apzuzu6_EXT2,-41,3,4
18021494, UPC Wi-Free,-90,5,6
18021494, apzuzu6_EXT3,-53,4,4
18021494, apzuzu6,-65,3,4
18021494, RCProductions-EXT pour Ariane,-85,4,13
18021494, UPC Wi-Free,-83,5,11
18021494, UPCA8BF168,-91,4,6
18021494, UPCF2C6A3A,-84,4,11
18021494, RCProductions-EXT,-87,4,13
18021500, apzuzu6_EXT,-71,3,4
18021500, apzuzu6_EXT2,-36,3,4
18021500, apzuzu6_EXT3,-54,4,4
18021500, UPCF2C6A3A,-83,4,11
18021500, apzuzu6,-66,3,4
18021500, UPC Wi-Free,-84,5,11
18021506, UPC Wi-Free,-92,5,1
18021506, apzuzu6_EXT,-66,3,4
18021506, apzuzu6_EXT3,-53,4,4
18021506, UPCC81FA2A,-88,4,6
18021506, apzuzu6,-64,3,4
18021506, dym-55538,-93,3,6
18021506, apzuzu6_EXT2,-40,3,4
18021506, UPC Wi-Free,-86,5,11
18021506, UPC17E648D,-94,4,1
18021506, UPCF2C6A3A,-85,4,11
18021506, UPC72E5C4E_EXT,-86,4,6
18021512, dym-55538,-90,3,6
18021512, apzuzu6_EXT,-68,3,4
18021512, UPC Wi-Free,-91,5,6
18021512, UPC Wi-Free,-83,5,6
18021512, apzuzu6,-65,3,4
18021512, apzuzu6_EXT2,-38,3,4
18021512, UPC17E648D,-92,4,1
18021512, UPCA8BF168,-91,4,6
18021512, UPCF2C6A3A,-85,4,11
18021512, UPC Wi-Free,-85,5,11
18021512, UPC578B7A3,-84,4,6
18021518, apzuzu6_EXT,-69,3,4
18021518, UPC Wi-Free,-90,5,6
18021518, apzuzu6_EXT3,-53,4,4
18021518, UPC Wi-Free,-84,5,6
18021518, apzuzu6,-64,3,4
18021518, apzuzu6_EXT2,-40,3,4
18021518, UPCA8BF168,-91,4,6
18021518, dym-55538,-90,3,6
18021518, UPC578B7A3,-84,4,6
18021524, apzuzu6_EXT,-64,3,4
18021524, apzuzu6_EXT2,-49,3,4
18021524, UPC Wi-Free,-84,5,11
18021524, apzuzu6_EXT3,-52,4,4
18021524, apzuzu6,-64,3,4
18021524, RCProductions-EXT pour Ariane,-89,4,13
18021524, RCProductions-EXT,-88,4,13
18021524, UPCF2C6A3A,-83,4,11
18021524, RCProductions-EXT pour Yasmine,-88,4,13
18021524, UPC Wi-Free,-84,5,6
18021530, apzuzu6_EXT,-67,3,4
18021530, apzuzu6_EXT2,-50,3,4
18021530, UPC Wi-Free,-87,5,11
18021530, apzuzu6_EXT3,-53,4,4
18021530, apzuzu6,-67,3,4
18021530, RCProductions-EXT pour Ariane,-88,4,13
18021530, RCProductions-EXT,-88,4,13
18021530, UPCF2C6A3A,-84,4,11
18021530, RCProductions-EXT pour Yasmine,-87,4,13
18021530, UPC Wi-Free,-83,5,6
18021536, apzuzu6_EXT,-67,3,4
18021536, apzuzu6_EXT2,-50,3,4
18021536, RCProductions-EXT,-88,4,13
18021536, apzuzu6_EXT3,-53,4,4
18021536, apzuzu6,-67,3,4
18021536, RCProductions-EXT pour Ariane,-88,4,13
18021536, UPC Wi-Free,-84,5,11
18021536, UPCF2C6A3A,-85,4,11
18021536, RCProductions-EXT pour Yasmine,-86,4,13
18021542, apzuzu6_EXT,-68,3,4
18021542, apzuzu6_EXT2,-46,3,4
18021542, UPC Wi-Free,-83,5,6
18021542, apzuzu6_EXT3,-53,4,4
18021542, apzuzu6,-65,3,4
18021542, RCProductions-EXT pour Ariane,-89,4,13
18021542, UPC72E5C4E_EXT,-86,4,6
18021542, RCProductions-EXT,-88,4,13
18021542, RCProductions-EXT pour Yasmine,-88,4,13
18021542, UPCF2C6A3A,-86,4,11
18021542, UPC Wi-Free,-87,5,11
18021542, UPC578B7A3,-83,4,6
18021548, apzuzu6_EXT,-70,3,4
18021548, UPC Wi-Free,-90,5,6
18021548, apzuzu6_EXT3,-54,4,4
18021548, UPC72E5C4E_EXT,-86,4,6
18021548, apzuzu6,-71,3,4
18021548, RCProductions-EXT pour Ariane,-87,4,13
18021548, RCProductions-EXT,-85,4,13
18021548, RCProductions-EXT pour Yasmine,-86,4,13
18021548, apzuzu6_EXT2,-50,3,4
18021548, UPC Wi-Free,-86,5,11
18021548, UPCA8BF168,-92,4,6
18021548, UPCF2C6A3A,-88,4,11
18021549, UPC Wi-Free,-84,5,6
18021549, UPC578B7A3,-82,4,6
18021554, UPC Wi-Free,-83,5,6
18021555, apzuzu6_EXT,-72,3,4
18021555, UPC Wi-Free,-90,5,6
18021555, apzuzu6_EXT3,-52,4,4
18021555, apzuzu6,-76,3,4
18021555, RCProductions-EXT pour Ariane,-84,4,13
18021555, apzuzu6_EXT2,-51,3,4
18021555, RCProductions-EXT pour Yasmine,-85,4,13
18021555, RCProductions-EXT,-85,4,13
18021555, UPCF2C6A3A,-86,4,11
18021555, UPC Wi-Free,-87,5,11
18021555, UPC578B7A3,-81,4,6
18021560, RCProductions-EXT pour Yasmine,-87,4,13
18021561, apzuzu6_EXT,-71,3,4
18021561, UPC Wi-Free,-89,5,6
18021561, apzuzu6_EXT3,-52,4,4
18021561, apzuzu6,-64,3,4
18021561, RCProductions-EXT pour Ariane,-85,4,13
18021561, apzuzu6_EXT2,-51,3,4
18021561, UPCF2C6A3A,-86,4,11
18021561, UPC Wi-Free,-87,5,11
18021561, RCProductions-EXT,-86,4,13
18021567, apzuzu6_EXT,-71,3,4
18021567, apzuzu6_EXT2,-51,3,4
18021567, UPC Wi-Free,-79,5,6
18021567, apzuzu6_EXT3,-51,4,4
18021567, apzuzu6,-75,3,4
18021567, RCProductions-EXT pour Ariane,-89,4,13
18021567, UPC72E5C4E_EXT,-85,4,6
18021567, RCProductions-EXT,-86,4,13
18021567, RCProductions-EXT pour Yasmine,-90,4,13
18021567, UPCF2C6A3A,-86,4,11
18021567, UPC Wi-Free,-87,5,11
18021567, UPC578B7A3,-83,4,6
18021573, dym-55538,-91,3,6
18021573, apzuzu6_EXT,-72,3,4
18021573, UPC Wi-Free,-87,5,11
18021573, apzuzu6_EXT3,-52,4,4
18021573, apzuzu6,-63,3,4
18021573, RCProductions-EXT pour Ariane,-90,4,13
18021573, apzuzu6_EXT2,-52,3,4
18021573, UPCF2C6A3A,-86,4,11
18021573, RCProductions-EXT,-87,4,13
18021573, RCProductions-EXT pour Yasmine,-88,4,13
